chunk,domen
"Что такое базовый уход за кожей лица?
Это ежедневные процедуры, включающие очищение, тонизирование, увлажнение и защиту от солнца.
Сколько раз в день нужно умываться?
Два раза в день: утром и вечером.
Какое средство для умывания лучше использовать?
Выбирайте средство, подходящее вашему типу кожи: гель для жирной кожи, молочко для сухой или мицеллярную воду для чувствительной.
Нужно ли использовать тоник после умывания?
Да, тоник помогает восстановить pH кожи и подготовить ее к нанесению следующих средств.
Как часто нужно увлажнять кожу?
Увлажнение необходимо утром и вечером после очищения.
Что такое SPF и зачем он нужен?
SPF — это фактор защиты от солнца, который предотвращает повреждение кожи ультрафиолетовыми лучами.
Какой SPF лучше использовать для лица?
Для ежедневного использования подходит SPF 30, для пляжа — SPF 50.
Нужно ли наносить SPF зимой?
Да, ультрафиолетовые лучи активны даже в холодное время года.
Что такое двойное очищение?",FAQ_skin
"Для ежедневного использования подходит SPF 30, для пляжа — SPF 50.
Нужно ли наносить SPF зимой?
Да, ультрафиолетовые лучи активны даже в холодное время года.
Что такое двойное очищение?
Это метод, при котором сначала используется масло или мицеллярная вода, а затем гель для умывания.
Как понять, что кожа обезвожена?
Признаки: чувство стянутости, шелушение, тусклый цвет.
Как определить свой тип кожи?
Обратите внимание на уровень жирности, чувствительность и склонность к высыпаниям.
Что подходит для жирной кожи?
Легкие текстуры, некомедогенные средства и продукты с салициловой кислотой.
Как ухаживать за сухой кожей?
Используйте увлажняющие кремы с маслами и гиалуроновой кислотой.
Что делать, если кожа комбинированная?
Используйте средства, которые балансируют жирность и увлажняют сухие участки.
Как ухаживать за чувствительной кожей?
Выбирайте гипоаллергенные средства без отдушек и спирта.
Что такое нормальная кожа?
Это кожа без выраженных проблем: не слишком жирная и не слишком сухая.",FAQ_skin
"Как ухаживать за чувствительной кожей?
Выбирайте гипоаллергенные средства без отдушек и спирта.
Что такое нормальная кожа?
Это кожа без выраженных проблем: не слишком жирная и не слишком сухая.
Как ухаживать за зрелой кожей?
Нужно использовать антивозрастные средства с ретинолом, пептидами и антиоксидантами.
Что такое проблемная кожа?
Это кожа, склонная к акне, воспалениям и высыпаниям.
Как ухаживать за кожей с акне?
Используйте средства с салициловой кислотой, бензоил пероксидом и цинком.
Что делать, если кожа шелушится?
Увлажняйте ее и используйте мягкие эксфолианты.
Как часто нужно делать пилинг?
Для нормальной кожи — 1–2 раза в неделю, для чувствительной — 1 раз в 10 дней.
Что такое химический пилинг?
Это использование кислот (AHA, BHA) для удаления омертвевших клеток.
Чем отличается скраб от пилинга?
Скраб механически удаляет омертвевшие клетки, а пилинг действует на химическом уровне.
Можно ли использовать скраб для чувствительной кожи?",FAQ_skin
"Чем отличается скраб от пилинга?
Скраб механически удаляет омертвевшие клетки, а пилинг действует на химическом уровне.
Можно ли использовать скраб для чувствительной кожи?
Лучше заменить его на мягкий химический пилинг.
Как правильно очищать кожу?
Используйте теплую воду, мягкие движения и не трите кожу слишком сильно.
Нужно ли снимать макияж перед сном?
Да, это обязательно для предотвращения закупорки пор.
Что такое мицеллярная вода?
Это средство для мягкого очищения кожи на основе мицелл.
Можно ли использовать мыло для умывания?
Не рекомендуется, так как оно может нарушить pH кожи.
Как выбрать средство для умывания?
Ориентируйтесь на свой тип кожи и состав продукта.
Что такое pH кожи?
Это уровень кислотности, который должен быть в пределах 4,5–5,5.
Что такое гиалуроновая кислота?
Это компонент, который удерживает влагу в коже.
Как выбрать крем для лица?
Учитывайте свой тип кожи, возраст и проблемы (акне, морщины и т.д.).
Нужно ли использовать сыворотку?",FAQ_skin
"Это компонент, который удерживает влагу в коже.
Как выбрать крем для лица?
Учитывайте свой тип кожи, возраст и проблемы (акне, морщины и т.д.).
Нужно ли использовать сыворотку?
Да, сыворотки содержат высокую концентрацию активных веществ.
Что такое керамиды?
Это липиды, которые восстанавливают защитный барьер кожи.
Как часто нужно менять крем для лица?
Если крем перестал работать, попробуйте новый, но не чаще чем раз в 3–4 месяца.
Что такое маски для лица?
Это средства для интенсивного ухода: увлажняющие, очищающие, питательные.
Как часто можно делать маски?
1–2 раза в неделю, в зависимости от типа маски.
Что такое ночной крем?
Это крем, который восстанавливает кожу во время сна.
Нужно ли использовать крем для век?
Да, кожа вокруг глаз более тонкая и требует особого ухода.
Что такое BB-крем?
Это многофункциональное средство, которое сочетает уход и макияж.
Как избавиться от черных точек?
Используйте средства с салициловой кислотой и регулярно делайте пилинг.
Что помогает от прыщей?",FAQ_skin
"Это многофункциональное средство, которое сочетает уход и макияж.
Как избавиться от черных точек?
Используйте средства с салициловой кислотой и регулярно делайте пилинг.
Что помогает от прыщей?
Средства с бензоил пероксидом, цинком и ретинолом.
Как убрать покраснения на коже?
Используйте успокаивающие средства с пантенолом или алоэ вера.
Что делать, если кожа жирная?
Используйте легкие текстуры, матирующие средства и некомедогенные продукты.
Как бороться с морщинами?
Используйте антивозрастные средства с ретинолом, пептидами и антиоксидантами.
Что такое купероз?
Это расширенные капилляры, которые проявляются как красные сеточки на коже.
Как ухаживать за кожей с куперозом?
Используйте мягкие средства и избегайте агрессивных процедур.
Что такое постакне?
Это следы после прыщей: рубцы, пятна, неровности.
Как избавиться от постакне?
Используйте средства с AHA-кислотами, ретинолом и витамином С.
Что делать, если кожа тусклая?
Делайте пилинг, используйте витамин С и увлажняйте кожу.",FAQ_skin
"Как избавиться от постакне?
Используйте средства с AHA-кислотами, ретинолом и витамином С.
Что делать, если кожа тусклая?
Делайте пилинг, используйте витамин С и увлажняйте кожу.
Что такое ретинол?
Это форма витамина А, которая помогает бороться с морщинами и акне.
Как использовать ретинол?
Начинайте с низкой концентрации и наносите на ночь.
Что такое ботокс для лица?
Это инъекции, которые разглаживают морщины.
Как часто можно делать чистку лица у косметолога?
Раз в 1–2 месяца, в зависимости от состояния кожи.
Что такое лазерная шлифовка?
Это процедура для удаления верхнего слоя кожи и стимуляции обновления.
Как выбрать косметолога?
Ориентируйтесь на отзывы, образование и опыт специалиста.
Что такое мезотерапия?
Это инъекции витаминов и гиалуроновой кислоты для улучшения состояния кожи.
Как ухаживать за кожей после процедур?
Используйте успокаивающие средства и избегайте солнца.
Что такое кислотный пилинг?
Это процедура с использованием кислот для обновления кожи.",FAQ_skin
"Как ухаживать за кожей после процедур?
Используйте успокаивающие средства и избегайте солнца.
Что такое кислотный пилинг?
Это процедура с использованием кислот для обновления кожи.
Как подготовить кожу к процедурам?
Избегайте солнца, не используйте агрессивные средства и проконсультируйтесь с косметологом.",FAQ_skin
